strategy,direction,sl_pct,tp_pct,max_bars,total_trades,wins,losses,win_rate,profit_factor,total_return_pct,max_drawdown_pct,sharpe,avg_win_pct,avg_loss_pct,coins_used,period
bb-squeeze-short,short,7,7,48,8,4,4,50.0,0.92,-1.29,10.5,-1.22,3.79,-4.11,1,3m
bb-squeeze-short,short,7,7,48,16,12,4,75.0,2.43,23.58,10.5,8.87,3.34,-4.11,1,6m
bb-squeeze-short,short,7,7,48,22,14,8,63.6,1.51,14.28,11.0,3.4,3.01,-3.49,1,1y
bb-squeeze-short,short,7,7,48,46,24,22,52.2,1.28,16.15,14.4,1.33,3.09,-2.64,1,2y
bb-squeeze-short,long,7,7,48,4,1,3,25.0,0.48,-4.5,8.4,-16.31,4.11,-2.87,1,3m
bb-squeeze-short,long,7,7,48,7,3,4,42.9,0.41,-8.42,13.6,-13.81,1.97,-3.58,1,6m
bb-squeeze-short,long,7,7,48,22,11,11,50.0,0.65,-8.73,13.6,-3.39,1.47,-2.26,1,1y
bb-squeeze-short,long,7,7,48,46,25,21,54.3,1.22,11.42,18.8,1.1,2.49,-2.42,1,2y
bb-squeeze-short,short,7,7,48,8,4,4,50.0,0.92,-1.29,10.5,-1.22,3.79,-4.11,1,3m
bb-squeeze-short,short,7,7,48,16,12,4,75.0,2.43,23.58,10.5,8.87,3.34,-4.11,1,6m
bb-squeeze-short,short,7,7,48,22,14,8,63.6,1.51,14.28,11.0,3.4,3.01,-3.49,1,1y
bb-squeeze-short,short,7,7,48,46,24,22,52.2,1.28,16.15,14.4,1.33,3.09,-2.64,1,2y
bb-squeeze-short,both,7,7,48,12,5,7,41.7,0.77,-5.79,10.5,-3.22,3.85,-3.58,1,3m
bb-squeeze-short,both,7,7,48,23,15,8,65.2,1.49,15.16,13.6,3.33,3.06,-3.85,1,6m
bb-squeeze-short,both,7,7,48,44,25,19,56.8,1.11,5.55,20.0,0.56,2.33,-2.78,1,1y
bb-squeeze-short,both,7,7,48,92,49,43,53.3,1.25,27.57,25.9,0.86,2.78,-2.53,1,2y
bb-squeeze-long,long,7,7,48,4,1,3,25.0,0.48,-4.5,8.4,-16.31,4.11,-2.87,1,3m
bb-squeeze-long,long,7,7,48,7,3,4,42.9,0.41,-8.42,13.6,-13.81,1.97,-3.58,1,6m
bb-squeeze-long,long,7,7,48,22,11,11,50.0,0.65,-8.73,13.6,-3.39,1.47,-2.26,1,1y
bb-squeeze-long,long,7,7,48,46,25,21,54.3,1.22,11.42,18.8,1.1,2.49,-2.42,1,2y
bb-squeeze-long,long,7,7,48,4,1,3,25.0,0.48,-4.5,8.4,-16.31,4.11,-2.87,1,3m
bb-squeeze-long,long,7,7,48,7,3,4,42.9,0.41,-8.42,13.6,-13.81,1.97,-3.58,1,6m
bb-squeeze-long,long,7,7,48,22,11,11,50.0,0.65,-8.73,13.6,-3.39,1.47,-2.26,1,1y
bb-squeeze-long,long,7,7,48,46,25,21,54.3,1.22,11.42,18.8,1.1,2.49,-2.42,1,2y
bb-squeeze-long,short,7,7,48,8,4,4,50.0,0.92,-1.29,10.5,-1.22,3.79,-4.11,1,3m
bb-squeeze-long,short,7,7,48,16,12,4,75.0,2.43,23.58,10.5,8.87,3.34,-4.11,1,6m
bb-squeeze-long,short,7,7,48,22,14,8,63.6,1.51,14.28,11.0,3.4,3.01,-3.49,1,1y
bb-squeeze-long,short,7,7,48,46,24,22,52.2,1.28,16.15,14.4,1.33,3.09,-2.64,1,2y
bb-squeeze-long,both,7,7,48,12,5,7,41.7,0.77,-5.79,10.5,-3.22,3.85,-3.58,1,3m
bb-squeeze-long,both,7,7,48,23,15,8,65.2,1.49,15.16,13.6,3.33,3.06,-3.85,1,6m
bb-squeeze-long,both,7,7,48,44,25,19,56.8,1.11,5.55,20.0,0.56,2.33,-2.78,1,1y
bb-squeeze-long,both,7,7,48,92,49,43,53.3,1.25,27.57,25.9,0.86,2.78,-2.53,1,2y
momentum-long,long,7,7,48,10,3,7,30.0,0.35,-13.79,18.6,-13.01,2.53,-3.05,1,3m
momentum-long,long,7,7,48,19,5,14,26.3,0.28,-28.82,27.3,-11.23,2.23,-2.86,1,6m
momentum-long,long,7,7,48,44,16,28,36.4,0.45,-31.39,30.1,-4.28,1.61,-2.04,1,1y
momentum-long,long,7,7,48,79,32,47,40.5,0.8,-20.5,41.2,-0.89,2.55,-2.17,1,2y
momentum-long,long,7,7,48,10,3,7,30.0,0.35,-13.79,18.6,-13.01,2.53,-3.05,1,3m
momentum-long,long,7,7,48,19,5,14,26.3,0.28,-28.82,27.3,-11.23,2.23,-2.86,1,6m
momentum-long,long,7,7,48,44,16,28,36.4,0.45,-31.39,30.1,-4.28,1.61,-2.04,1,1y
momentum-long,long,7,7,48,79,32,47,40.5,0.8,-20.5,41.2,-0.89,2.55,-2.17,1,2y
momentum-long,both,7,7,48,10,3,7,30.0,0.35,-13.79,18.6,-13.01,2.53,-3.05,1,3m
momentum-long,both,7,7,48,19,5,14,26.3,0.28,-28.82,27.3,-11.23,2.23,-2.86,1,6m
momentum-long,both,7,7,48,44,16,28,36.4,0.45,-31.39,30.1,-4.28,1.61,-2.04,1,1y
momentum-long,both,7,7,48,79,32,47,40.5,0.8,-20.5,41.2,-0.89,2.55,-2.17,1,2y
atr-breakout,long,7,7,48,4,2,2,50.0,82.92,8.34,0.1,39.92,4.22,-0.05,1,3m
atr-breakout,long,7,7,48,13,6,7,46.2,0.79,-3.63,14.6,-2.28,2.33,-2.52,1,6m
atr-breakout,long,7,7,48,29,15,14,51.7,1.19,5.8,14.6,1.14,2.4,-2.16,1,1y
atr-breakout,long,7,7,48,62,31,31,50.0,1.13,9.51,20.2,0.55,2.73,-2.43,1,2y
atr-breakout,long,7,7,48,4,2,2,50.0,82.92,8.34,0.1,39.92,4.22,-0.05,1,3m
atr-breakout,long,7,7,48,13,6,7,46.2,0.79,-3.63,14.6,-2.28,2.33,-2.52,1,6m
atr-breakout,long,7,7,48,29,15,14,51.7,1.19,5.8,14.6,1.14,2.4,-2.16,1,1y
atr-breakout,long,7,7,48,62,31,31,50.0,1.13,9.51,20.2,0.55,2.73,-2.43,1,2y
atr-breakout,short,7,7,48,9,5,4,55.6,2.06,12.59,8.5,10.41,4.9,-2.98,1,3m
atr-breakout,short,7,7,48,17,8,9,47.1,1.84,19.32,9.4,6.05,5.3,-2.57,1,6m
atr-breakout,short,7,7,48,33,15,18,45.5,1.27,11.0,14.1,1.56,3.48,-2.29,1,1y
atr-breakout,short,7,7,48,67,33,34,49.3,1.35,32.48,21.1,1.36,3.84,-2.77,1,2y
atr-breakout,both,7,7,48,13,7,6,53.8,2.74,20.93,8.5,11.12,4.71,-2.0,1,3m
atr-breakout,both,7,7,48,30,14,16,46.7,1.39,15.69,14.6,2.29,4.03,-2.54,1,6m
atr-breakout,both,7,7,48,62,30,32,48.4,1.24,16.8,19.0,0.98,2.94,-2.23,1,1y
atr-breakout,both,7,7,48,129,64,65,49.6,1.25,41.99,21.1,0.72,3.3,-2.61,1,2y
hv-squeeze,short,7,7,48,24,16,8,66.7,2.49,30.86,9.0,6.82,3.23,-2.59,1,3m
hv-squeeze,short,7,7,48,49,30,19,61.2,2.38,51.76,9.0,4.49,2.97,-1.97,1,6m
hv-squeeze,short,7,7,48,94,46,48,48.9,1.13,12.55,40.3,0.43,2.45,-2.09,1,1y
hv-squeeze,short,7,7,48,195,94,101,48.2,0.94,-16.92,63.0,-0.16,2.79,-2.76,1,2y
hv-squeeze,long,7,7,48,15,9,6,60.0,1.9,10.56,8.6,6.57,2.47,-1.95,1,3m
hv-squeeze,long,7,7,48,40,21,19,52.5,0.69,-19.26,32.2,-2.17,2.02,-3.25,1,6m
hv-squeeze,long,7,7,48,84,45,39,53.6,1.0,0.44,32.2,0.02,2.14,-2.46,1,1y
hv-squeeze,long,7,7,48,177,84,93,47.5,0.98,-3.36,32.2,-0.04,2.58,-2.37,1,2y
hv-squeeze,short,7,7,48,24,16,8,66.7,2.49,30.86,9.0,6.82,3.23,-2.59,1,3m
hv-squeeze,short,7,7,48,49,30,19,61.2,2.38,51.76,9.0,4.49,2.97,-1.97,1,6m
hv-squeeze,short,7,7,48,94,46,48,48.9,1.13,12.55,40.3,0.43,2.45,-2.09,1,1y
hv-squeeze,short,7,7,48,195,94,101,48.2,0.94,-16.92,63.0,-0.16,2.79,-2.76,1,2y
hv-squeeze,both,7,7,48,39,25,14,64.1,2.28,41.42,9.0,4.88,2.95,-2.32,1,3m
hv-squeeze,both,7,7,48,89,51,38,57.3,1.33,32.5,32.2,1.1,2.58,-2.61,1,6m
hv-squeeze,both,7,7,48,178,91,87,51.1,1.07,12.99,51.2,0.17,2.3,-2.25,1,1y
hv-squeeze,both,7,7,48,372,178,194,47.8,0.96,-20.28,66.6,-0.08,2.69,-2.57,1,2y
rsi-divergence,both,7,7,48,14,4,10,28.6,0.44,-18.82,22.3,-8.25,3.72,-3.37,1,3m
rsi-divergence,both,7,7,48,29,10,19,34.5,0.53,-25.9,28.8,-4.23,2.95,-2.92,1,6m
rsi-divergence,both,7,7,48,58,24,34,41.4,0.71,-24.37,36.1,-1.62,2.45,-2.45,1,1y
rsi-divergence,both,7,7,48,115,47,68,40.9,0.65,-74.49,61.7,-1.48,2.88,-3.09,1,2y
rsi-divergence,long,7,7,48,11,3,8,27.3,0.37,-17.85,22.3,-10.84,3.51,-3.55,1,3m
rsi-divergence,long,7,7,48,18,6,12,33.3,0.48,-21.4,26.7,-6.29,3.25,-3.41,1,6m
rsi-divergence,long,7,7,48,31,11,20,35.5,0.56,-22.85,30.0,-3.62,2.65,-2.6,1,1y
rsi-divergence,long,7,7,48,57,21,36,36.8,0.47,-70.3,55.9,-3.73,2.94,-3.67,1,2y
rsi-divergence,short,7,7,48,3,1,2,33.3,0.82,-0.97,5.2,-5.3,4.34,-2.66,1,3m
rsi-divergence,short,7,7,48,11,4,7,36.4,0.69,-4.5,8.7,-4.45,2.49,-2.07,1,6m
rsi-divergence,short,7,7,48,27,13,14,48.1,0.95,-1.52,14.2,-0.36,2.28,-2.23,1,1y
rsi-divergence,short,7,7,48,58,26,32,44.8,0.95,-4.19,23.6,-0.26,2.84,-2.44,1,2y
rsi-divergence,both,7,7,48,14,4,10,28.6,0.44,-18.82,22.3,-8.25,3.72,-3.37,1,3m
rsi-divergence,both,7,7,48,29,10,19,34.5,0.53,-25.9,28.8,-4.23,2.95,-2.92,1,6m
rsi-divergence,both,7,7,48,58,24,34,41.4,0.71,-24.37,36.1,-1.62,2.45,-2.45,1,1y
rsi-divergence,both,7,7,48,115,47,68,40.9,0.65,-74.49,61.7,-1.48,2.88,-3.09,1,2y
macd-cross,both,7,7,48,48,16,32,33.3,0.6,-31.09,33.2,-2.57,2.89,-2.42,1,3m
macd-cross,both,7,7,48,97,36,61,37.1,0.65,-49.88,46.1,-1.51,2.61,-2.36,1,6m
macd-cross,both,7,7,48,201,81,120,40.3,0.7,-77.48,63.2,-0.87,2.18,-2.12,1,1y
macd-cross,both,7,7,48,412,178,234,43.2,0.73,-164.62,85.8,-0.56,2.45,-2.57,1,2y
macd-cross,long,7,7,48,26,9,17,34.6,0.5,-22.86,28.9,-4.63,2.59,-2.72,1,3m
macd-cross,long,7,7,48,53,19,34,35.8,0.51,-46.05,44.0,-3.31,2.5,-2.75,1,6m
macd-cross,long,7,7,48,105,42,63,40.0,0.71,-37.78,44.0,-1.12,2.24,-2.1,1,1y
macd-cross,long,7,7,48,206,87,119,42.2,0.76,-70.02,59.8,-0.66,2.61,-2.5,1,2y
macd-cross,short,7,7,48,22,7,15,31.8,0.74,-8.23,13.0,-2.27,3.28,-2.08,1,3m
macd-cross,short,7,7,48,44,17,27,38.6,0.92,-3.83,13.6,-0.41,2.73,-1.86,1,6m
macd-cross,short,7,7,48,96,39,57,40.6,0.68,-39.7,39.1,-1.36,2.12,-2.15,1,1y
macd-cross,short,7,7,48,206,91,115,44.2,0.69,-94.6,69.9,-0.91,2.31,-2.65,1,2y
macd-cross,both,7,7,48,48,16,32,33.3,0.6,-31.09,33.2,-2.57,2.89,-2.42,1,3m
macd-cross,both,7,7,48,97,36,61,37.1,0.65,-49.88,46.1,-1.51,2.61,-2.36,1,6m
macd-cross,both,7,7,48,201,81,120,40.3,0.7,-77.48,63.2,-0.87,2.18,-2.12,1,1y
macd-cross,both,7,7,48,412,178,234,43.2,0.73,-164.62,85.8,-0.56,2.45,-2.57,1,2y
donchian-breakout,both,7,7,48,50,30,20,60.0,1.6,35.14,15.0,2.56,3.11,-2.91,1,3m
donchian-breakout,both,7,7,48,103,55,48,53.4,1.22,28.1,31.8,0.73,2.84,-2.67,1,6m
donchian-breakout,both,7,7,48,213,108,105,50.7,1.05,11.73,46.1,0.12,2.3,-2.26,1,1y
donchian-breakout,both,7,7,48,440,216,224,49.1,0.98,-13.36,60.0,-0.04,2.63,-2.6,1,2y
donchian-breakout,long,7,7,48,22,13,9,59.1,1.16,4.27,15.0,1.22,2.42,-3.02,1,3m
donchian-breakout,long,7,7,48,48,24,24,50.0,0.72,-19.84,31.8,-1.77,2.11,-2.93,1,6m
donchian-breakout,long,7,7,48,106,53,53,50.0,0.89,-12.63,34.6,-0.4,1.93,-2.17,1,1y
donchian-breakout,long,7,7,48,222,107,115,48.2,0.92,-20.66,36.8,-0.19,2.32,-2.34,1,2y
donchian-breakout,short,7,7,48,28,17,11,60.7,2.0,30.87,12.3,4.99,3.64,-2.82,1,3m
donchian-breakout,short,7,7,48,55,31,24,56.4,1.83,47.95,12.9,3.04,3.41,-2.41,1,6m
donchian-breakout,short,7,7,48,107,55,52,51.4,1.2,24.36,30.9,0.63,2.66,-2.35,1,1y
donchian-breakout,short,7,7,48,218,109,109,50.0,1.02,7.3,54.9,0.06,2.94,-2.87,1,2y
donchian-breakout,both,7,7,48,50,30,20,60.0,1.6,35.14,15.0,2.56,3.11,-2.91,1,3m
donchian-breakout,both,7,7,48,103,55,48,53.4,1.22,28.1,31.8,0.73,2.84,-2.67,1,6m
donchian-breakout,both,7,7,48,213,108,105,50.7,1.05,11.73,46.1,0.12,2.3,-2.26,1,1y
donchian-breakout,both,7,7,48,440,216,224,49.1,0.98,-13.36,60.0,-0.04,2.63,-2.6,1,2y
mean-reversion,both,7,7,48,28,7,21,25.0,0.33,-42.2,35.8,-7.5,3.02,-3.02,1,3m
mean-reversion,both,7,7,48,60,19,41,31.7,0.39,-71.69,53.0,-4.34,2.44,-2.88,1,6m
mean-reversion,both,7,7,48,114,47,67,41.2,0.54,-82.75,63.3,-2.04,2.08,-2.69,1,1y
mean-reversion,both,7,7,48,240,106,134,44.2,0.75,-101.37,70.8,-0.69,2.81,-2.98,1,2y
mean-reversion,long,7,7,48,17,5,12,29.4,0.39,-27.79,27.9,-8.78,3.54,-3.79,1,3m
mean-reversion,long,7,7,48,35,11,24,31.4,0.37,-54.35,45.5,-6.3,2.92,-3.6,1,6m
mean-reversion,long,7,7,48,60,24,36,40.0,0.55,-51.14,50.4,-2.84,2.59,-3.15,1,1y
mean-reversion,long,7,7,48,125,55,70,44.0,0.71,-70.05,59.0,-1.15,3.09,-3.43,1,2y
mean-reversion,short,7,7,48,11,2,9,18.2,0.19,-14.41,13.7,-17.34,1.74,-1.99,1,3m
mean-reversion,short,7,7,48,25,8,17,32.0,0.45,-17.34,16.5,-5.92,1.78,-1.86,1,6m
mean-reversion,short,7,7,48,54,23,31,42.6,0.53,-31.62,30.9,-3.05,1.55,-2.17,1,1y
mean-reversion,short,7,7,48,115,51,64,44.3,0.8,-31.32,42.1,-0.75,2.51,-2.49,1,2y
mean-reversion,both,7,7,48,28,7,21,25.0,0.33,-42.2,35.8,-7.5,3.02,-3.02,1,3m
mean-reversion,both,7,7,48,60,19,41,31.7,0.39,-71.69,53.0,-4.34,2.44,-2.88,1,6m
mean-reversion,both,7,7,48,114,47,67,41.2,0.54,-82.75,63.3,-2.04,2.08,-2.69,1,1y
mean-reversion,both,7,7,48,240,106,134,44.2,0.75,-101.37,70.8,-0.69,2.81,-2.98,1,2y
supertrend,both,7,7,48,98,46,52,46.9,0.87,-19.23,43.6,-0.5,2.86,-2.9,1,3m
supertrend,both,7,7,48,193,94,99,48.7,0.86,-40.64,66.0,-0.39,2.76,-3.03,1,6m
supertrend,both,7,7,48,381,178,203,46.7,0.84,-78.05,79.7,-0.32,2.26,-2.37,1,1y
supertrend,both,7,7,48,383,183,200,47.8,1.0,-1.38,68.5,-0.0,2.84,-2.61,1,2y
supertrend,long,7,7,48,49,19,30,38.8,0.61,-34.84,40.4,-2.57,2.84,-2.96,1,3m
supertrend,long,7,7,48,97,41,56,42.3,0.58,-78.84,63.9,-2.09,2.62,-3.33,1,6m
supertrend,long,7,7,48,191,89,102,46.6,0.73,-72.06,65.8,-0.81,2.14,-2.58,1,1y
supertrend,long,7,7,48,193,88,105,45.6,0.92,-21.3,51.3,-0.22,2.66,-2.43,1,2y
supertrend,short,7,7,48,49,27,22,55.1,1.25,15.61,19.6,1.15,2.87,-2.82,1,3m
supertrend,short,7,7,48,96,53,43,55.2,1.34,38.21,19.6,1.08,2.86,-2.64,1,6m
supertrend,short,7,7,48,190,89,101,46.8,0.97,-5.99,49.7,-0.07,2.38,-2.16,1,1y
supertrend,short,7,7,48,190,95,95,50.0,1.08,19.92,44.1,0.19,3.0,-2.79,1,2y
supertrend,both,7,7,48,98,46,52,46.9,0.87,-19.23,43.6,-0.5,2.86,-2.9,1,3m
supertrend,both,7,7,48,193,94,99,48.7,0.86,-40.64,66.0,-0.39,2.76,-3.03,1,6m
supertrend,both,7,7,48,381,178,203,46.7,0.84,-78.05,79.7,-0.32,2.26,-2.37,1,1y
supertrend,both,7,7,48,383,183,200,47.8,1.0,-1.38,68.5,-0.0,2.84,-2.61,1,2y
keltner-squeeze,both,7,7,48,20,11,9,55.0,1.02,0.54,11.4,0.2,2.15,-2.57,1,3m
keltner-squeeze,both,7,7,48,36,24,12,66.7,1.64,20.14,11.4,3.12,2.14,-2.6,1,6m
keltner-squeeze,both,7,7,48,65,36,29,55.4,1.39,21.55,12.1,1.51,2.15,-1.93,1,1y
keltner-squeeze,both,7,7,48,131,70,61,53.4,1.22,30.98,24.7,0.63,2.48,-2.34,1,2y
keltner-squeeze,long,7,7,48,10,5,5,50.0,0.89,-1.46,11.4,-1.37,2.47,-2.76,1,3m
keltner-squeeze,long,7,7,48,19,12,7,63.2,1.09,2.0,11.4,0.77,1.97,-3.09,1,6m
keltner-squeeze,long,7,7,48,39,22,17,56.4,1.24,8.25,11.4,1.23,1.96,-2.05,1,1y
keltner-squeeze,long,7,7,48,71,36,35,50.7,1.06,4.86,21.4,0.27,2.26,-2.18,1,2y
keltner-squeeze,short,7,7,48,10,6,4,60.0,1.21,2.0,3.2,2.44,1.88,-2.32,1,3m
keltner-squeeze,short,7,7,48,17,12,5,70.6,2.88,18.14,3.2,9.56,2.31,-1.93,1,6m
keltner-squeeze,short,7,7,48,26,14,12,53.8,1.64,13.3,8.2,3.74,2.45,-1.74,1,1y
keltner-squeeze,short,7,7,48,60,34,26,56.7,1.39,26.12,24.7,1.57,2.72,-2.56,1,2y
keltner-squeeze,both,7,7,48,20,11,9,55.0,1.02,0.54,11.4,0.2,2.15,-2.57,1,3m
keltner-squeeze,both,7,7,48,36,24,12,66.7,1.64,20.14,11.4,3.12,2.14,-2.6,1,6m
keltner-squeeze,both,7,7,48,65,36,29,55.4,1.39,21.55,12.1,1.51,2.15,-1.93,1,1y
keltner-squeeze,both,7,7,48,131,70,61,53.4,1.22,30.98,24.7,0.63,2.48,-2.34,1,2y
stochastic-rsi,both,7,7,48,63,28,35,44.4,0.63,-41.8,45.7,-2.13,2.57,-3.25,1,3m
stochastic-rsi,both,7,7,48,124,58,66,46.8,0.79,-39.69,47.0,-0.77,2.54,-2.83,1,6m
stochastic-rsi,both,7,7,48,256,119,137,46.5,0.8,-67.13,66.9,-0.51,2.19,-2.39,1,1y
stochastic-rsi,both,7,7,48,520,233,287,44.8,0.84,-121.95,80.9,-0.28,2.67,-2.6,1,2y
stochastic-rsi,long,7,7,48,32,14,18,43.8,0.49,-36.3,38.3,-4.66,2.54,-3.99,1,3m
stochastic-rsi,long,7,7,48,61,27,34,44.3,0.56,-50.48,44.3,-2.66,2.41,-3.4,1,6m
stochastic-rsi,long,7,7,48,126,58,68,46.0,0.73,-49.71,53.0,-1.02,2.27,-2.66,1,1y
stochastic-rsi,long,7,7,48,258,116,142,45.0,0.81,-74.24,59.8,-0.47,2.73,-2.75,1,2y
stochastic-rsi,short,7,7,48,31,14,17,45.2,0.87,-5.5,16.3,-0.93,2.59,-2.46,1,3m
stochastic-rsi,short,7,7,48,63,31,32,49.2,1.15,10.79,19.7,0.63,2.65,-2.23,1,6m
stochastic-rsi,short,7,7,48,130,61,69,46.9,0.88,-17.42,36.1,-0.4,2.12,-2.12,1,1y
stochastic-rsi,short,7,7,48,262,117,145,44.7,0.87,-47.72,56.1,-0.32,2.62,-2.44,1,2y
stochastic-rsi,both,7,7,48,63,28,35,44.4,0.63,-41.8,45.7,-2.13,2.57,-3.25,1,3m
stochastic-rsi,both,7,7,48,124,58,66,46.8,0.79,-39.69,47.0,-0.77,2.54,-2.83,1,6m
stochastic-rsi,both,7,7,48,256,119,137,46.5,0.8,-67.13,66.9,-0.51,2.19,-2.39,1,1y
stochastic-rsi,both,7,7,48,520,233,287,44.8,0.84,-121.95,80.9,-0.28,2.67,-2.6,1,2y
ma-cross,both,7,7,48,12,4,8,33.3,0.61,-9.18,12.7,-5.47,3.66,-2.98,1,3m
ma-cross,both,7,7,48,30,11,19,36.7,0.65,-16.83,18.9,-2.95,2.8,-2.5,1,6m
ma-cross,both,7,7,48,50,22,28,44.0,0.78,-15.75,26.0,-1.33,2.48,-2.51,1,1y
ma-cross,both,7,7,48,111,54,57,48.6,0.85,-25.6,38.9,-0.58,2.68,-2.99,1,2y
ma-cross,long,7,7,48,5,2,3,40.0,0.68,-3.93,7.2,-7.1,4.22,-4.12,1,3m
ma-cross,long,7,7,48,14,5,9,35.7,0.54,-11.69,13.5,-6.38,2.74,-2.82,1,6m
ma-cross,long,7,7,48,25,12,13,48.0,0.85,-5.4,16.6,-1.23,2.59,-2.8,1,1y
ma-cross,long,7,7,48,56,27,29,48.2,0.79,-19.03,30.4,-1.22,2.61,-3.09,1,2y
ma-cross,short,7,7,48,7,2,5,28.6,0.54,-5.25,6.1,-8.79,3.11,-2.29,1,3m
ma-cross,short,7,7,48,16,6,10,37.5,0.77,-5.14,15.9,-2.34,2.84,-2.22,1,6m
ma-cross,short,7,7,48,25,10,15,40.0,0.69,-10.35,15.9,-2.61,2.36,-2.26,1,1y
ma-cross,short,7,7,48,55,27,28,49.1,0.92,-6.56,21.4,-0.42,2.75,-2.89,1,2y
ma-cross,both,7,7,48,12,4,8,33.3,0.61,-9.18,12.7,-5.47,3.66,-2.98,1,3m
ma-cross,both,7,7,48,30,11,19,36.7,0.65,-16.83,18.9,-2.95,2.8,-2.5,1,6m
ma-cross,both,7,7,48,50,22,28,44.0,0.78,-15.75,26.0,-1.33,2.48,-2.51,1,1y
ma-cross,both,7,7,48,111,54,57,48.6,0.85,-25.6,38.9,-0.58,2.68,-2.99,1,2y
adx-trend,both,7,7,48,27,13,14,48.1,1.12,4.88,11.3,0.9,3.41,-2.82,1,3m
adx-trend,both,7,7,48,55,29,26,52.7,1.11,8.05,17.2,0.53,2.82,-2.83,1,6m
adx-trend,both,7,7,48,108,52,56,48.1,0.82,-26.19,42.7,-0.69,2.32,-2.62,1,1y
adx-trend,both,7,7,48,225,111,114,49.3,0.89,-34.62,46.9,-0.28,2.59,-2.83,1,2y
adx-trend,long,7,7,48,14,7,7,50.0,1.2,3.93,11.3,1.88,3.36,-2.8,1,3m
adx-trend,long,7,7,48,27,15,12,55.6,1.13,5.09,17.2,0.91,2.91,-3.21,1,6m
adx-trend,long,7,7,48,51,28,23,54.9,1.19,11.53,17.2,0.91,2.54,-2.59,1,1y
adx-trend,long,7,7,48,108,52,56,48.1,0.94,-10.0,27.0,-0.24,2.77,-2.75,1,2y
adx-trend,short,7,7,48,13,6,7,46.2,1.05,0.95,10.0,0.54,3.47,-2.84,1,3m
adx-trend,short,7,7,48,28,14,14,50.0,1.08,2.96,11.6,0.59,2.72,-2.51,1,6m
adx-trend,short,7,7,48,57,24,33,42.1,0.57,-37.72,40.4,-2.75,2.06,-2.64,1,1y
adx-trend,short,7,7,48,117,59,58,50.4,0.85,-24.62,46.9,-0.53,2.43,-2.9,1,2y
adx-trend,both,7,7,48,27,13,14,48.1,1.12,4.88,11.3,0.9,3.41,-2.82,1,3m
adx-trend,both,7,7,48,55,29,26,52.7,1.11,8.05,17.2,0.53,2.82,-2.83,1,6m
adx-trend,both,7,7,48,108,52,56,48.1,0.82,-26.19,42.7,-0.69,2.32,-2.62,1,1y
adx-trend,both,7,7,48,225,111,114,49.3,0.89,-34.62,46.9,-0.28,2.59,-2.83,1,2y
ichimoku,both,7,7,48,22,12,10,54.5,1.32,9.47,15.8,2.28,3.22,-2.92,1,3m
ichimoku,both,7,7,48,45,23,22,51.1,1.11,7.47,16.6,0.61,3.2,-3.0,1,6m
ichimoku,both,7,7,48,92,46,46,50.0,1.16,18.2,27.9,0.57,2.9,-2.51,1,1y
ichimoku,both,7,7,48,188,94,94,50.0,1.12,31.34,29.9,0.31,3.02,-2.69,1,2y
ichimoku,long,7,7,48,9,4,5,44.4,1.09,1.1,7.3,1.13,3.22,-2.36,1,3m
ichimoku,long,7,7,48,19,8,11,42.1,0.59,-13.17,16.6,-4.69,2.39,-2.94,1,6m
ichimoku,long,7,7,48,43,21,22,48.8,1.23,11.24,16.6,1.21,2.84,-2.2,1,1y
ichimoku,long,7,7,48,92,44,48,47.8,0.98,-2.14,29.9,-0.07,2.78,-2.6,1,2y
ichimoku,short,7,7,48,13,8,5,61.5,1.48,8.37,15.8,4.18,3.22,-3.48,1,3m
ichimoku,short,7,7,48,26,15,11,57.7,1.61,20.64,15.8,3.61,3.62,-3.06,1,6m
ichimoku,short,7,7,48,49,25,24,51.0,1.1,6.96,19.8,0.52,2.96,-2.79,1,1y
ichimoku,short,7,7,48,96,50,46,52.1,1.26,33.48,19.8,0.88,3.23,-2.79,1,2y
ichimoku,both,7,7,48,22,12,10,54.5,1.32,9.47,15.8,2.28,3.22,-2.92,1,3m
ichimoku,both,7,7,48,45,23,22,51.1,1.11,7.47,16.6,0.61,3.2,-3.0,1,6m
ichimoku,both,7,7,48,92,46,46,50.0,1.16,18.2,27.9,0.57,2.9,-2.51,1,1y
ichimoku,both,7,7,48,188,94,94,50.0,1.12,31.34,29.9,0.31,3.02,-2.69,1,2y
heikin-ashi,both,7,7,48,79,33,46,41.8,0.92,-9.77,39.0,-0.34,3.37,-2.63,1,3m
heikin-ashi,both,7,7,48,153,68,85,44.4,0.96,-9.69,49.9,-0.13,3.04,-2.55,1,6m
heikin-ashi,both,7,7,48,310,137,173,44.2,0.89,-40.14,63.7,-0.23,2.31,-2.06,1,1y
heikin-ashi,both,7,7,48,639,283,356,44.3,0.82,-168.93,91.9,-0.28,2.67,-2.6,1,2y
heikin-ashi,long,7,7,48,39,12,27,30.8,0.57,-30.43,34.2,-3.31,3.3,-2.59,1,3m
heikin-ashi,long,7,7,48,75,29,46,38.7,0.59,-50.84,49.1,-2.14,2.56,-2.72,1,6m
heikin-ashi,long,7,7,48,156,68,88,43.6,0.7,-58.42,52.7,-0.97,1.96,-2.18,1,1y
heikin-ashi,long,7,7,48,320,141,179,44.1,0.74,-120.05,76.4,-0.59,2.39,-2.55,1,2y
heikin-ashi,short,7,7,48,40,21,19,52.5,1.4,20.67,15.4,1.95,3.42,-2.69,1,3m
heikin-ashi,short,7,7,48,78,39,39,50.0,1.45,41.15,16.3,1.53,3.4,-2.34,1,6m
heikin-ashi,short,7,7,48,154,69,85,44.8,1.11,18.28,33.3,0.3,2.65,-1.94,1,1y
heikin-ashi,short,7,7,48,319,142,177,44.5,0.9,-48.88,72.6,-0.22,2.96,-2.65,1,2y
heikin-ashi,both,7,7,48,79,33,46,41.8,0.92,-9.77,39.0,-0.34,3.37,-2.63,1,3m
heikin-ashi,both,7,7,48,153,68,85,44.4,0.96,-9.69,49.9,-0.13,3.04,-2.55,1,6m
heikin-ashi,both,7,7,48,310,137,173,44.2,0.89,-40.14,63.7,-0.23,2.31,-2.06,1,1y
heikin-ashi,both,7,7,48,639,283,356,44.3,0.82,-168.93,91.9,-0.28,2.67,-2.6,1,2y
